{
    "train": [
        [
            0.030186530202627182,
            0.0258496031165123,
            0.04282727465033531
        ],
        [
            0.1465153694152832,
            0.09490450471639633,
            0.17387643456459045
        ]
    ],
    "train_scaled": [
        [
            0.036361079663038254,
            0.02720596082508564,
            0.056243959814310074
        ],
        [
            0.15862594544887543,
            0.0967322364449501,
            0.19554612040519714
        ]
    ],
    "train_synth": [
        [
            0.030422551557421684,
            0.026268739253282547,
            0.044404443353414536
        ],
        [
            0.14705707132816315,
            0.09552644193172455,
            0.1765628308057785
        ]
    ],
    "train_synth_scaled": [
        [
            0.03512147441506386,
            0.027120687067508698,
            0.05731557309627533
        ],
        [
            0.15623793005943298,
            0.09653371572494507,
            0.19696511328220367
        ]
    ]
}